strategy,config,timeframe,trades,win_rate,profit_factor,return_pct,sharpe,max_dd
TrendBreakout,TrendBreakout_Conservative,1Hour,60,0.38333333333333336,0.9999142000674319,-0.018873162400867113,-0.0005549358743362942,0.227579851348596
TrendBreakout,TrendBreakout_NoVolFilter,1Hour,66,0.3484848484848485,0.9917588333426388,-0.03215552558368163,-0.04923414394353546,0.2396985698690388
TrendBreakout,TrendBreakout_Conservative,4Hour,31,0.3548387096774194,0.9792011653349335,-0.022240749511905415,-0.14599527135525342,0.17869900986188525
TrendBreakout,TrendBreakout_Aggressive,1Hour,73,0.3150684931506849,0.857559759459416,-0.12806563155937511,-0.9756184989565231,0.20840337250092075
RSIReversion,RSI_LongerTF,4Hour,43,0.3953488372093023,0.847398108671047,-0.08948912171163466,-1.2082965172806999,0.2037762454797086
TrendBreakout,TrendBreakout_NoVolFilter,4Hour,32,0.34375,0.7938558214631237,-0.109445006113813,-1.4035627344625867,0.20882797284742854
TrendBreakout,TrendBreakout_Aggressive,4Hour,38,0.21052631578947367,0.761503602297795,-0.13237201098559545,-1.714039275462064,0.22748255974832896
RSIReversion,RSI_LongerTF,1Hour,120,0.4166666666666667,0.6559899876086083,-0.29236334760474864,-2.7571549329288283,0.32062793935684375
